,numDeaths,numCases,numMobility,lenOutput,patience,dropout,loss
0,14.0,19.0,10.0,7.0,9.0,0.2710485892722332,0.17430695418171516
1,14.0,20.0,10.0,7.0,9.0,0.2710485892722332,0.17421543859027927
2,14.0,20.0,10.0,7.0,10.0,0.2710485892722332,0.1740394973207752
