,numDeaths,numCases,numMobility,lenOutput,remove_sparse,Patience,DropoutRate,loss
0,2,2,2,5,True,4,0.1,0.17170574083195703
1,5,5,5,5,True,4,0.1,0.17293510625625771
2,2,2,2,2,True,4,0.1,0.1762048915545511
3,10,10,10,10,True,10,0.1,0.17509389312239831
4,10,0,0,10,True,10,0.1,0.1752455554589736
5,2,2,2,2,True,2,0.3,0.17531221407714323
6,5,5,5,5,False,4,0.1,0.18182400480334304
